Regular Fit Lightweight Outdoor Jacket,Tennis,74.99,Mizuno,4
DryMove Sports Joggers,Ski,39.99,Mizuno,6
DryMove Sports Hoodie,Tennis,64.99,Quechua,3
Regular Fit Padded Vest,Baseball,49.99,Adidas,3
DryMove Sports Shirt,Basketball,12.99,Quechua,10
DryMove Sports Joggers,Snowboard,39.99,Quechua,6
DryMove Sports Shirt,Football,19.99,Nike,8
Running Pants,Football,34.99,Jordan,3
StormMove 2.5-layer Parka,Ski,149.0,Asics,1
DryMove Sports Shirt,Paddel,19.99,Puma,8
Sports Windbreaker,Basketball,34.99,Nike,5
DryMove Sports Shirt,Snowboard,12.99,Nike,10
DryMove Sports Shirt,Snowboard,12.99,Quechua,10
Padded Shell Pants,Running,74.99,Nike,1
Track Pants,Paddel,29.99,Asics,3
DryMove Sports Shirt,Football,12.99,Asics,10
Regular Fit Lightweight Outdoor Jacket,Baseball,74.99,Quechua,4
Puffer Pants with Belt,Ski,84.99,Jordan,1
Track Jacket,Baseball,49.99,Reebok,1
Sports Windbreaker,Tennis,34.99,Nike,5
Sports Windbreaker,Tennis,34.99,Quechua,5
Padded Leg Gaiters,Ski,34.99,Reebok,1
DryMove Sports Hoodie,Basketball,64.99,Nike,3
DryMove Reversible Track Jacket,Football,99.0,Quechua,1
Fast-drying Sports Shirt,Paddel,24.99,Quechua,2
DryMove Sports Joggers,Baseball,39.99,Nike,6
DryMove Running Shirt,Basketball,17.99,Mizuno,7
Running Shirt in DryMove  ,Ski,24.99,Gymshark,4
Regular Fit Fast-drying Track Jacket,Basketball,49.99,Mizuno,3
Sports Shorts,Football,12.99,Nike,3
DryMove Sports Joggers,Paddel,39.99,Adidas,6
DryMove Sports Joggers,Running,39.99,Puma,6
DryMove Sports Hoodie,Baseball,64.99,Gymshark,3
Sports Shorts,Football,12.99,Gymshark,3
Regular Fit Lightweight Outdoor Jacket,Football,74.99,Puma,4
DryMove Sports Joggers,Tennis,39.99,Asics,6
DryMove Sports Hoodie,Running,64.99,Mizuno,3
Regular Fit Padded Vest,Paddel,49.99,Puma,3
DryMove Sports Shirt,Tennis,12.99,Asics,10
DryMove Sports Joggers,Football,39.99,Puma,6
DryMove Sports Shirt,Basketball,19.99,Gymshark,8
Running Pants,Snowboard,34.99,Puma,3
StormMove 2.5-layer Parka,Running,149.0,Nike,1
DryMove Sports Shirt,Paddel,19.99,Adidas,8
Sports Windbreaker,Football,34.99,Adidas,5
DryMove Sports Shirt,Baseball,12.99,Asics,10
DryMove Sports Shirt,Ski,12.99,Mizuno,10
Padded Shell Pants,Ski,74.99,Asics,1
Track Pants,Tennis,29.99,Nike,3
DryMove Sports Shirt,Tennis,12.99,Reebok,10
Regular Fit Lightweight Outdoor Jacket,Paddel,74.99,Puma,4
Puffer Pants with Belt,Football,84.99,Reebok,1
Track Jacket,Paddel,49.99,Nike,1
Sports Windbreaker,Football,34.99,Quechua,5
Sports Windbreaker,Baseball,34.99,Nike,5
Padded Leg Gaiters,Running,34.99,Quechua,1
DryMove Sports Hoodie,Ski,64.99,Gymshark,3
DryMove Reversible Track Jacket,Football,99.0,Puma,1
Fast-drying Sports Shirt,Snowboard,24.99,Nike,2
DryMove Sports Joggers,Baseball,39.99,Mizuno,6
DryMove Running Shirt,Football,17.99,Reebok,7
Running Shirt in DryMove  ,Snowboard,24.99,Quechua,4
Regular Fit Fast-drying Track Jacket,Snowboard,49.99,Adidas,3
Sports Shorts,Basketball,12.99,Asics,3
DryMove Sports Joggers,Football,39.99,Gymshark,6
DryMove Sports Joggers,Tennis,39.99,Asics,6
DryMove Sports Hoodie,Football,64.99,Quechua,3
Sports Shorts,Ski,12.99,Mizuno,3
Regular Fit Lightweight Outdoor Jacket,Baseball,74.99,Quechua,4
DryMove Sports Joggers,Tennis,39.99,Asics,6
DryMove Sports Hoodie,Ski,64.99,Puma,3
Regular Fit Padded Vest,Tennis,49.99,Mizuno,3
DryMove Sports Shirt,Running,12.99,Adidas,10
DryMove Sports Joggers,Ski,39.99,Asics,6
DryMove Sports Shirt,Running,19.99,Nike,8
Running Pants,Ski,34.99,Mizuno,3
StormMove 2.5-layer Parka,Snowboard,149.0,Quechua,1
DryMove Sports Shirt,Running,19.99,Mizuno,8
Sports Windbreaker,Football,34.99,Puma,5
DryMove Sports Shirt,Paddel,12.99,Reebok,10
DryMove Sports Shirt,Ski,12.99,Gymshark,10
Padded Shell Pants,Snowboard,74.99,Quechua,1
Track Pants,Basketball,29.99,Quechua,3
DryMove Sports Shirt,Snowboard,12.99,Mizuno,10
Regular Fit Lightweight Outdoor Jacket,Ski,74.99,Mizuno,4
Puffer Pants with Belt,Paddel,84.99,Reebok,1
Track Jacket,Paddel,49.99,Puma,1
Sports Windbreaker,Running,34.99,Puma,5
Sports Windbreaker,Paddel,34.99,Nike,5
Padded Leg Gaiters,Running,34.99,Puma,1
DryMove Sports Hoodie,Running,64.99,Jordan,3
DryMove Reversible Track Jacket,Paddel,99.0,Quechua,1
Fast-drying Sports Shirt,Running,24.99,Adidas,2
DryMove Sports Joggers,Running,39.99,Quechua,6
DryMove Running Shirt,Running,17.99,Jordan,7
Running Shirt in DryMove  ,Paddel,24.99,Puma,4
Regular Fit Fast-drying Track Jacket,Running,49.99,Adidas,3
Sports Shorts,Snowboard,12.99,Asics,3
DryMove Sports Joggers,Running,39.99,Reebok,6
DryMove Sports Joggers,Baseball,39.99,Reebok,6
DryMove Sports Hoodie,Baseball,64.99,Nike,3
Sports Shorts,Ski,12.99,Quechua,3
Regular Fit Lightweight Outdoor Jacket,Baseball,74.99,Adidas,4
DryMove Sports Joggers,Ski,39.99,Nike,6
DryMove Sports Hoodie,Baseball,64.99,Quechua,3
Regular Fit Padded Vest,Tennis,49.99,Mizuno,3
DryMove Sports Shirt,Baseball,12.99,Mizuno,10
DryMove Sports Joggers,Ski,39.99,Mizuno,6
DryMove Sports Shirt,Tennis,19.99,Mizuno,8
Running Pants,Basketball,34.99,Jordan,3
StormMove 2.5-layer Parka,Ski,149.0,Asics,1
DryMove Sports Shirt,Paddel,19.99,Adidas,8
Sports Windbreaker,Football,34.99,Puma,5
DryMove Sports Shirt,Football,12.99,Gymshark,10
DryMove Sports Shirt,Tennis,12.99,Mizuno,10
Padded Shell Pants,Paddel,74.99,Puma,1
Track Pants,Tennis,29.99,Quechua,3
DryMove Sports Shirt,Football,12.99,Quechua,10
Regular Fit Lightweight Outdoor Jacket,Ski,74.99,Jordan,4
Puffer Pants with Belt,Tennis,84.99,Gymshark,1
Track Jacket,Baseball,49.99,Asics,1
Sports Windbreaker,Basketball,34.99,Adidas,5
Sports Windbreaker,Snowboard,34.99,Puma,5
Padded Leg Gaiters,Snowboard,34.99,Asics,1
DryMove Sports Hoodie,Baseball,64.99,Reebok,3
DryMove Reversible Track Jacket,Snowboard,99.0,Puma,1
Fast-drying Sports Shirt,Baseball,24.99,Asics,2
DryMove Sports Joggers,Tennis,39.99,Jordan,6
DryMove Running Shirt,Football,17.99,Puma,7
Running Shirt in DryMove  ,Running,24.99,Quechua,4
Regular Fit Fast-drying Track Jacket,Snowboard,49.99,Jordan,3
Sports Shorts,Baseball,12.99,Mizuno,3
DryMove Sports Joggers,Running,39.99,Adidas,6
DryMove Sports Joggers,Paddel,39.99,Puma,6
DryMove Sports Hoodie,Football,64.99,Nike,3
Sports Shorts,Baseball,12.99,Quechua,3
Regular Fit Lightweight Outdoor Jacket,Snowboard,74.99,Nike,4
DryMove Sports Joggers,Running,39.99,Nike,6
DryMove Sports Hoodie,Ski,64.99,Nike,3
Regular Fit Padded Vest,Basketball,49.99,Reebok,3
DryMove Sports Shirt,Baseball,12.99,Gymshark,10
DryMove Sports Joggers,Ski,39.99,Reebok,6
DryMove Sports Shirt,Basketball,19.99,Adidas,8
Running Pants,Running,34.99,Puma,3
StormMove 2.5-layer Parka,Snowboard,149.0,Puma,1
DryMove Sports Shirt,Football,19.99,Puma,8
Sports Windbreaker,Snowboard,34.99,Reebok,5
DryMove Sports Shirt,Snowboard,12.99,Jordan,10
DryMove Sports Shirt,Football,12.99,Quechua,10
Padded Shell Pants,Football,74.99,Nike,1
Track Pants,Football,29.99,Puma,3
DryMove Sports Shirt,Ski,12.99,Jordan,10
Regular Fit Lightweight Outdoor Jacket,Running,74.99,Asics,4
Puffer Pants with Belt,Ski,84.99,Jordan,1
Track Jacket,Ski,49.99,Puma,1
Sports Windbreaker,Paddel,34.99,Jordan,5
Sports Windbreaker,Running,34.99,Nike,5
Padded Leg Gaiters,Ski,34.99,Quechua,1
DryMove Sports Hoodie,Ski,64.99,Quechua,3
DryMove Reversible Track Jacket,Baseball,99.0,Jordan,1
Fast-drying Sports Shirt,Snowboard,24.99,Quechua,2
DryMove Sports Joggers,Paddel,39.99,Mizuno,6
DryMove Running Shirt,Paddel,17.99,Quechua,7
Running Shirt in DryMove  ,Running,24.99,Mizuno,4
Regular Fit Fast-drying Track Jacket,Running,49.99,Mizuno,3
Sports Shorts,Basketball,12.99,Jordan,3
DryMove Sports Joggers,Football,39.99,Nike,6
DryMove Sports Joggers,Football,39.99,Mizuno,6
DryMove Sports Hoodie,Football,64.99,Mizuno,3
Sports Shorts,Basketball,12.99,Adidas,3
Regular Fit Lightweight Outdoor Jacket,Ski,74.99,Nike,4
DryMove Sports Joggers,Paddel,39.99,Nike,6
DryMove Sports Hoodie,Paddel,64.99,Asics,3
Regular Fit Padded Vest,Baseball,49.99,Adidas,3
DryMove Sports Shirt,Football,12.99,Adidas,10
DryMove Sports Joggers,Running,39.99,Gymshark,6
DryMove Sports Shirt,Snowboard,19.99,Jordan,8
Running Pants,Ski,34.99,Puma,3
StormMove 2.5-layer Parka,Basketball,149.0,Adidas,1
DryMove Sports Shirt,Snowboard,19.99,Mizuno,8
Sports Windbreaker,Paddel,34.99,Adidas,5
DryMove Sports Shirt,Ski,12.99,Asics,10
DryMove Sports Shirt,Basketball,12.99,Gymshark,10
Padded Shell Pants,Baseball,74.99,Puma,1
Track Pants,Running,29.99,Adidas,3
DryMove Sports Shirt,Paddel,12.99,Adidas,10
Regular Fit Lightweight Outdoor Jacket,Tennis,74.99,Asics,4
Puffer Pants with Belt,Running,84.99,Asics,1
Track Jacket,Snowboard,49.99,Quechua,1
Sports Windbreaker,Basketball,34.99,Mizuno,5
Sports Windbreaker,Snowboard,34.99,Reebok,5
Padded Leg Gaiters,Running,34.99,Mizuno,1
DryMove Sports Hoodie,Football,64.99,Jordan,3
DryMove Reversible Track Jacket,Basketball,99.0,Quechua,1
Fast-drying Sports Shirt,Basketball,24.99,Adidas,2
DryMove Sports Joggers,Tennis,39.99,Gymshark,6
DryMove Running Shirt,Tennis,17.99,Adidas,7
Running Shirt in DryMove  ,Paddel,24.99,Asics,4
Regular Fit Fast-drying Track Jacket,Basketball,49.99,Adidas,3
Sports Shorts,Snowboard,12.99,Nike,3
DryMove Sports Joggers,Snowboard,39.99,Asics,6
DryMove Sports Joggers,Football,39.99,Jordan,6
DryMove Sports Hoodie,Basketball,64.99,Gymshark,3
Sports Shorts,Tennis,12.99,Asics,3
Regular Fit Lightweight Outdoor Jacket,Snowboard,74.99,Reebok,4
DryMove Sports Joggers,Ski,39.99,Jordan,6
DryMove Sports Hoodie,Ski,64.99,Puma,3
Regular Fit Padded Vest,Snowboard,49.99,Gymshark,3
DryMove Sports Shirt,Tennis,12.99,Mizuno,10
DryMove Sports Joggers,Basketball,39.99,Adidas,6
DryMove Sports Shirt,Snowboard,19.99,Jordan,8
Running Pants,Snowboard,34.99,Gymshark,3
StormMove 2.5-layer Parka,Basketball,149.0,Nike,1
DryMove Sports Shirt,Baseball,19.99,Reebok,8
Sports Windbreaker,Baseball,34.99,Gymshark,5
DryMove Sports Shirt,Snowboard,12.99,Asics,10
DryMove Sports Shirt,Paddel,12.99,Asics,10
Padded Shell Pants,Snowboard,74.99,Gymshark,1
Track Pants,Running,29.99,Asics,3
DryMove Sports Shirt,Running,12.99,Puma,10
Regular Fit Lightweight Outdoor Jacket,Basketball,74.99,Adidas,4
Puffer Pants with Belt,Ski,84.99,Adidas,1
Track Jacket,Basketball,49.99,Gymshark,1
Sports Windbreaker,Snowboard,34.99,Puma,5
Sports Windbreaker,Ski,34.99,Reebok,5
Padded Leg Gaiters,Baseball,34.99,Mizuno,1
DryMove Sports Hoodie,Baseball,64.99,Nike,3
DryMove Reversible Track Jacket,Basketball,99.0,Mizuno,1
Fast-drying Sports Shirt,Ski,24.99,Adidas,2
DryMove Sports Joggers,Ski,39.99,Reebok,6
DryMove Running Shirt,Paddel,17.99,Adidas,7
Running Shirt in DryMove  ,Baseball,24.99,Puma,4
Regular Fit Fast-drying Track Jacket,Snowboard,49.99,Mizuno,3
Sports Shorts,Ski,12.99,Jordan,3
DryMove Sports Joggers,Running,39.99,Mizuno,6
DryMove Sports Joggers,Ski,39.99,Reebok,6
DryMove Sports Hoodie,Football,64.99,Gymshark,3
Sports Shorts,Tennis,12.99,Jordan,3
Regular Fit Lightweight Outdoor Jacket,Football,74.99,Asics,4
DryMove Sports Joggers,Snowboard,39.99,Mizuno,6
DryMove Sports Hoodie,Football,64.99,Asics,3
Regular Fit Padded Vest,Baseball,49.99,Gymshark,3
DryMove Sports Shirt,Ski,12.99,Reebok,10
DryMove Sports Joggers,Basketball,39.99,Jordan,6
DryMove Sports Shirt,Baseball,19.99,Jordan,8
Running Pants,Ski,34.99,Nike,3
StormMove 2.5-layer Parka,Paddel,149.0,Nike,1
DryMove Sports Shirt,Ski,19.99,Gymshark,8
Sports Windbreaker,Paddel,34.99,Gymshark,5
DryMove Sports Shirt,Football,12.99,Quechua,10
DryMove Sports Shirt,Basketball,12.99,Mizuno,10
Padded Shell Pants,Baseball,74.99,Jordan,1
Track Pants,Football,29.99,Puma,3
DryMove Sports Shirt,Ski,12.99,Adidas,10
Regular Fit Lightweight Outdoor Jacket,Baseball,74.99,Adidas,4
Puffer Pants with Belt,Tennis,84.99,Asics,1
Track Jacket,Paddel,49.99,Reebok,1
Sports Windbreaker,Basketball,34.99,Gymshark,5
Sports Windbreaker,Paddel,34.99,Adidas,5
Padded Leg Gaiters,Baseball,34.99,Nike,1
DryMove Sports Hoodie,Ski,64.99,Nike,3
DryMove Reversible Track Jacket,Baseball,99.0,Puma,1
Fast-drying Sports Shirt,Basketball,24.99,Puma,2
DryMove Sports Joggers,Snowboard,39.99,Gymshark,6
DryMove Running Shirt,Snowboard,17.99,Gymshark,7
Running Shirt in DryMove  ,Baseball,24.99,Nike,4
Regular Fit Fast-drying Track Jacket,Running,49.99,Adidas,3
Sports Shorts,Paddel,12.99,Asics,3
DryMove Sports Joggers,Snowboard,39.99,Gymshark,6
DryMove Sports Joggers,Basketball,39.99,Adidas,6
DryMove Sports Hoodie,Basketball,64.99,Jordan,3
Sports Shorts,Football,12.99,Mizuno,3
Regular Fit Lightweight Outdoor Jacket,Snowboard,74.99,Puma,4
DryMove Sports Joggers,Ski,39.99,Adidas,6
DryMove Sports Hoodie,Tennis,64.99,Quechua,3
Regular Fit Padded Vest,Snowboard,49.99,Gymshark,3
DryMove Sports Shirt,Baseball,12.99,Nike,10
DryMove Sports Joggers,Baseball,39.99,Adidas,6
DryMove Sports Shirt,Snowboard,19.99,Quechua,8
Running Pants,Paddel,34.99,Puma,3
StormMove 2.5-layer Parka,Ski,149.0,Reebok,1
DryMove Sports Shirt,Ski,19.99,Nike,8
Sports Windbreaker,Ski,34.99,Jordan,5
DryMove Sports Shirt,Basketball,12.99,Adidas,10
DryMove Sports Shirt,Paddel,12.99,Reebok,10
Padded Shell Pants,Running,74.99,Nike,1
Track Pants,Football,29.99,Asics,3
DryMove Sports Shirt,Snowboard,12.99,Reebok,10
Regular Fit Lightweight Outdoor Jacket,Basketball,74.99,Jordan,4
Puffer Pants with Belt,Running,84.99,Jordan,1
Track Jacket,Baseball,49.99,Mizuno,1
Sports Windbreaker,Baseball,34.99,Nike,5
Sports Windbreaker,Football,34.99,Nike,5
Padded Leg Gaiters,Basketball,34.99,Nike,1
DryMove Sports Hoodie,Baseball,64.99,Puma,3
DryMove Reversible Track Jacket,Paddel,99.0,Puma,1
Fast-drying Sports Shirt,Tennis,24.99,Puma,2
DryMove Sports Joggers,Baseball,39.99,Adidas,6
DryMove Running Shirt,Baseball,17.99,Nike,7
Running Shirt in DryMove  ,Tennis,24.99,Nike,4
Regular Fit Fast-drying Track Jacket,Football,49.99,Jordan,3
Sports Shorts,Basketball,12.99,Puma,3
DryMove Sports Joggers,Snowboard,39.99,Gymshark,6
DryMove Sports Joggers,Baseball,39.99,Nike,6
DryMove Sports Hoodie,Ski,64.99,Asics,3
Sports Shorts,Snowboard,12.99,Asics,3
Regular Fit Lightweight Outdoor Jacket,Paddel,74.99,Mizuno,4
DryMove Sports Joggers,Ski,39.99,Puma,6
DryMove Sports Hoodie,Running,64.99,Asics,3
Regular Fit Padded Vest,Snowboard,49.99,Jordan,3
DryMove Sports Shirt,Ski,12.99,Gymshark,10
DryMove Sports Joggers,Running,39.99,Asics,6
DryMove Sports Shirt,Basketball,19.99,Adidas,8
Running Pants,Ski,34.99,Quechua,3
StormMove 2.5-layer Parka,Football,149.0,Asics,1
DryMove Sports Shirt,Baseball,19.99,Nike,8
Sports Windbreaker,Ski,34.99,Nike,5
DryMove Sports Shirt,Paddel,12.99,Nike,10
DryMove Sports Shirt,Football,12.99,Asics,10
Padded Shell Pants,Paddel,74.99,Gymshark,1
Track Pants,Ski,29.99,Jordan,3
DryMove Sports Shirt,Running,12.99,Puma,10
Regular Fit Lightweight Outdoor Jacket,Snowboard,74.99,Nike,4
Puffer Pants with Belt,Running,84.99,Reebok,1
Track Jacket,Tennis,49.99,Reebok,1
Sports Windbreaker,Ski,34.99,Nike,5
Sports Windbreaker,Football,34.99,Gymshark,5
Padded Leg Gaiters,Football,34.99,Asics,1
DryMove Sports Hoodie,Football,64.99,Nike,3
DryMove Reversible Track Jacket,Ski,99.0,Puma,1
Fast-drying Sports Shirt,Running,24.99,Jordan,2
DryMove Sports Joggers,Ski,39.99,Asics,6
DryMove Running Shirt,Ski,17.99,Mizuno,7
Running Shirt in DryMove  ,Paddel,24.99,Asics,4
Regular Fit Fast-drying Track Jacket,Snowboard,49.99,Puma,3
Sports Shorts,Football,12.99,Mizuno,3
DryMove Sports Joggers,Baseball,39.99,Puma,6
DryMove Sports Joggers,Paddel,39.99,Jordan,6
DryMove Sports Hoodie,Tennis,64.99,Puma,3
Sports Shorts,Ski,12.99,Asics,3
Regular Fit Lightweight Outdoor Jacket,Paddel,74.99,Mizuno,4
DryMove Sports Joggers,Snowboard,39.99,Mizuno,6
DryMove Sports Hoodie,Paddel,64.99,Mizuno,3
Regular Fit Padded Vest,Paddel,49.99,Reebok,3
DryMove Sports Shirt,Baseball,12.99,Gymshark,10
DryMove Sports Joggers,Tennis,39.99,Mizuno,6
DryMove Sports Shirt,Tennis,19.99,Quechua,8
Running Pants,Tennis,34.99,Puma,3
StormMove 2.5-layer Parka,Football,149.0,Quechua,1
DryMove Sports Shirt,Snowboard,19.99,Adidas,8
Sports Windbreaker,Ski,34.99,Quechua,5
DryMove Sports Shirt,Running,12.99,Reebok,10
DryMove Sports Shirt,Ski,12.99,Reebok,10
Padded Shell Pants,Paddel,74.99,Mizuno,1
Track Pants,Tennis,29.99,Mizuno,3
DryMove Sports Shirt,Running,12.99,Adidas,10
Regular Fit Lightweight Outdoor Jacket,Tennis,74.99,Adidas,4
Puffer Pants with Belt,Football,84.99,Gymshark,1
Track Jacket,Baseball,49.99,Reebok,1
Sports Windbreaker,Running,34.99,Quechua,5
Sports Windbreaker,Running,34.99,Adidas,5
Padded Leg Gaiters,Running,34.99,Gymshark,1
DryMove Sports Hoodie,Paddel,64.99,Puma,3
DryMove Reversible Track Jacket,Paddel,99.0,Gymshark,1
Fast-drying Sports Shirt,Tennis,24.99,Jordan,2
DryMove Sports Joggers,Baseball,39.99,Reebok,6
DryMove Running Shirt,Snowboard,17.99,Reebok,7
Running Shirt in DryMove  ,Football,24.99,Puma,4
Regular Fit Fast-drying Track Jacket,Basketball,49.99,Gymshark,3
Sports Shorts,Ski,12.99,Asics,3
DryMove Sports Joggers,Tennis,39.99,Asics,6
DryMove Sports Joggers,Ski,39.99,Reebok,6
DryMove Sports Hoodie,Baseball,64.99,Nike,3
Sports Shorts,Football,12.99,Adidas,3
Regular Fit Lightweight Outdoor Jacket,Basketball,74.99,Asics,4
DryMove Sports Joggers,Baseball,39.99,Mizuno,6
DryMove Sports Hoodie,Tennis,64.99,Adidas,3
Regular Fit Padded Vest,Football,49.99,Asics,3
DryMove Sports Shirt,Ski,12.99,Asics,10
DryMove Sports Joggers,Running,39.99,Mizuno,6
DryMove Sports Shirt,Tennis,19.99,Reebok,8
Running Pants,Basketball,34.99,Mizuno,3
StormMove 2.5-layer Parka,Paddel,149.0,Gymshark,1
DryMove Sports Shirt,Baseball,19.99,Reebok,8
Sports Windbreaker,Running,34.99,Asics,5
DryMove Sports Shirt,Running,12.99,Quechua,10
DryMove Sports Shirt,Basketball,12.99,Mizuno,10
Padded Shell Pants,Baseball,74.99,Jordan,1
Track Pants,Football,29.99,Quechua,3
DryMove Sports Shirt,Football,12.99,Reebok,10
Regular Fit Lightweight Outdoor Jacket,Paddel,74.99,Jordan,4
Puffer Pants with Belt,Basketball,84.99,Asics,1
Track Jacket,Paddel,49.99,Quechua,1
Sports Windbreaker,Tennis,34.99,Nike,5
Sports Windbreaker,Paddel,34.99,Puma,5
Padded Leg Gaiters,Snowboard,34.99,Adidas,1
DryMove Sports Hoodie,Baseball,64.99,Reebok,3
DryMove Reversible Track Jacket,Running,99.0,Adidas,1
Fast-drying Sports Shirt,Baseball,24.99,Gymshark,2
DryMove Sports Joggers,Basketball,39.99,Reebok,6
DryMove Running Shirt,Football,17.99,Nike,7
Running Shirt in DryMove  ,Running,24.99,Quechua,4
Regular Fit Fast-drying Track Jacket,Football,49.99,Puma,3
Sports Shorts,Running,12.99,Jordan,3
DryMove Sports Joggers,Ski,39.99,Adidas,6
DryMove Sports Joggers,Paddel,39.99,Gymshark,6
DryMove Sports Hoodie,Ski,64.99,Quechua,3
Sports Shorts,Running,12.99,Reebok,3
Regular Fit Lightweight Outdoor Jacket,Ski,74.99,Mizuno,4
DryMove Sports Joggers,Paddel,39.99,Asics,6
DryMove Sports Hoodie,Paddel,64.99,Puma,3
Regular Fit Padded Vest,Snowboard,49.99,Jordan,3
DryMove Sports Shirt,Basketball,12.99,Gymshark,10
DryMove Sports Joggers,Tennis,39.99,Gymshark,6
DryMove Sports Shirt,Ski,19.99,Adidas,8
Running Pants,Ski,34.99,Nike,3
StormMove 2.5-layer Parka,Baseball,149.0,Jordan,1
DryMove Sports Shirt,Paddel,19.99,Nike,8
Sports Windbreaker,Tennis,34.99,Nike,5
DryMove Sports Shirt,Snowboard,12.99,Mizuno,10
DryMove Sports Shirt,Paddel,12.99,Adidas,10
Padded Shell Pants,Snowboard,74.99,Jordan,1
Track Pants,Ski,29.99,Jordan,3
DryMove Sports Shirt,Running,12.99,Quechua,10
Regular Fit Lightweight Outdoor Jacket,Running,74.99,Jordan,4
Puffer Pants with Belt,Snowboard,84.99,Reebok,1
Track Jacket,Paddel,49.99,Jordan,1
Sports Windbreaker,Running,34.99,Puma,5
Sports Windbreaker,Paddel,34.99,Jordan,5
Padded Leg Gaiters,Ski,34.99,Reebok,1
DryMove Sports Hoodie,Paddel,64.99,Puma,3
DryMove Reversible Track Jacket,Basketball,99.0,Jordan,1
Fast-drying Sports Shirt,Ski,24.99,Gymshark,2
DryMove Sports Joggers,Ski,39.99,Adidas,6
DryMove Running Shirt,Baseball,17.99,Quechua,7
Running Shirt in DryMove  ,Snowboard,24.99,Asics,4
Regular Fit Fast-drying Track Jacket,Basketball,49.99,Jordan,3
Sports Shorts,Tennis,12.99,Gymshark,3
DryMove Sports Joggers,Snowboard,39.99,Gymshark,6
DryMove Sports Joggers,Ski,39.99,Puma,6
DryMove Sports Hoodie,Football,64.99,Adidas,3
Sports Shorts,Running,12.99,Quechua,3
Regular Fit Lightweight Outdoor Jacket,Tennis,74.99,Gymshark,4
DryMove Sports Joggers,Snowboard,39.99,Quechua,6
DryMove Sports Hoodie,Tennis,64.99,Gymshark,3
Regular Fit Padded Vest,Paddel,49.99,Adidas,3
DryMove Sports Shirt,Paddel,12.99,Puma,10
DryMove Sports Joggers,Tennis,39.99,Reebok,6
DryMove Sports Shirt,Football,19.99,Quechua,8
Running Pants,Running,34.99,Quechua,3
StormMove 2.5-layer Parka,Football,149.0,Nike,1
DryMove Sports Shirt,Baseball,19.99,Jordan,8
Sports Windbreaker,Football,34.99,Gymshark,5
DryMove Sports Shirt,Football,12.99,Reebok,10
DryMove Sports Shirt,Paddel,12.99,Asics,10
Padded Shell Pants,Tennis,74.99,Nike,1
Track Pants,Ski,29.99,Reebok,3
DryMove Sports Shirt,Baseball,12.99,Mizuno,10
Regular Fit Lightweight Outdoor Jacket,Snowboard,74.99,Jordan,4
Puffer Pants with Belt,Baseball,84.99,Nike,1
Track Jacket,Tennis,49.99,Reebok,1
Sports Windbreaker,Snowboard,34.99,Jordan,5
Sports Windbreaker,Tennis,34.99,Asics,5
Padded Leg Gaiters,Tennis,34.99,Reebok,1
DryMove Sports Hoodie,Ski,64.99,Mizuno,3
DryMove Reversible Track Jacket,Running,99.0,Nike,1
Fast-drying Sports Shirt,Ski,24.99,Asics,2
DryMove Sports Joggers,Snowboard,39.99,Reebok,6
DryMove Running Shirt,Basketball,17.99,Nike,7
Running Shirt in DryMove  ,Ski,24.99,Asics,4
Regular Fit Fast-drying Track Jacket,Basketball,49.99,Quechua,3
Sports Shorts,Paddel,12.99,Asics,3
DryMove Sports Joggers,Paddel,39.99,Quechua,6
DryMove Sports Joggers,Football,39.99,Reebok,6
DryMove Sports Hoodie,Tennis,64.99,Puma,3
Sports Shorts,Snowboard,12.99,Gymshark,3
Regular Fit Lightweight Outdoor Jacket,Football,74.99,Jordan,4
DryMove Sports Joggers,Tennis,39.99,Adidas,6
DryMove Sports Hoodie,Basketball,64.99,Mizuno,3
Regular Fit Padded Vest,Baseball,49.99,Asics,3
DryMove Sports Shirt,Baseball,12.99,Puma,10
DryMove Sports Joggers,Football,39.99,Nike,6
DryMove Sports Shirt,Running,19.99,Quechua,8
Running Pants,Ski,34.99,Adidas,3
StormMove 2.5-layer Parka,Basketball,149.0,Nike,1
DryMove Sports Shirt,Baseball,19.99,Gymshark,8
Sports Windbreaker,Football,34.99,Jordan,5
DryMove Sports Shirt,Ski,12.99,Nike,10
DryMove Sports Shirt,Ski,12.99,Jordan,10
Padded Shell Pants,Paddel,74.99,Quechua,1
Track Pants,Paddel,29.99,Gymshark,3
DryMove Sports Shirt,Running,12.99,Puma,10
Regular Fit Lightweight Outdoor Jacket,Tennis,74.99,Nike,4
Puffer Pants with Belt,Tennis,84.99,Puma,1
Track Jacket,Running,49.99,Adidas,1